id,max,src,real
Module #CE100000E,104824,103949,10426.000000
Plant #JA200000I,242097,221721,20955.000000
Unit #NM000000T,3442,2956,2928.952637
