id,max,src,real
Unit #NM000000T,3442,2956,2928.952600
Module #CE100000E,104824,103949,102488.570900
Plant #JA200000I,242097,221721,218449.379260
